Matrix Size,Execution Time (ms),Memory Used (MB),CPU Usage (%),Nodes Used,Network Overhead (ms),Data Transfer Time (ms)
50x50,68.30215454101562,0.00390625,4.9,1,0,0
100x100,516.4709091186523,0.078125,4.8,1,0,0
800x800,271567.99244880676,4.84765625,4.8,1,0,0
1024x1024,1022848.8800525665,8.06640625,7.2,1,0,0
2048x2048,7505690.079212189,-43.421875,6.1,1,0,0
