Matrix Size,Execution Time (ms),Memory Used (MB),CPU Usage (%),Nodes Used,Network Overhead (ms),Data Transfer Time (ms)
50x50,21868.879079818726,1.4296875,6.1,4,0,0
100x100,1963.0210399627686,0.57421875,18.1,4,0,0
800x800,4240.248918533325,6.7734375,13.9,4,0,0
1024x1024,7416.557788848877,11.33984375,34.1,4,0,0
2048x2048,44699.007749557495,37.61328125,17.1,4,0,0
4096x4096,479424.2117404938,130.0625,27.1,4,0,0
