Matrix Size,Execution Time (ms),Memory Used (MB),CPU Usage (%),Nodes Used,Network Overhead (ms),Data Transfer Time (ms)
50x50,0.9984970092773438,0.0,1.7,1,0,0
100x100,0.9777545928955078,0.0390625,0.0,1,0,0
800x800,409.5778465270996,2.4453125,5.2,1,0,0
1024x1024,3518.9387798309326,4.00390625,6.6,1,0,0
2048x2048,107789.78300094604,15.99609375,7.8,1,0,0
4096x4096,1054692.3384666443,64.01953125,7.6,1,0,0
